100,445-4536-1-ND
50,399-13229-1-ND
50,LSM115JE3/TR13CT-ND
200,568-11697-1-ND
50,350-1712-ND
50,350-1717-ND
50,350-1719-ND
20,S7049-ND
20,S7058-ND
200,36-2027-ND
20,CP-063BH-ND
20,ACX1655-ND
100,A100890CT-ND
100,A100903CT-ND
20,732-5336-ND
20,SAM10781-ND
100,P6.19KAACT-ND
20,945-1395-5-ND
40,CKN1860CT-ND
10,1568-1231-ND
10,1568-1443-ND
20,MAX6817EUT+TCT-ND
20,AE10342-ND
10,EPS594-ND
10,993-1037-ND
100,A106625CT-ND
100,S1011EC-24-ND
20,S9001-ND
20,AE10342-ND
250,492-1077-ND
